,,,,,,
,Zachary Clay,,,,,
,René Cournoyer,,,,,
,Félix Dolci,,,,,
,William Émard,,,,,
,Samuel Zakutney,,,,,
,Liu Yang,,,,,
,Su Weide,,,,,
,Xiao Ruoteng,,,,,
,Zhang Boheng,,,,,
,Zou Jingyuan,,,,,
,Pascal Brendel,,,,,
,Lukas Dauser,,,,,
,Nils Dunkel,,,,,
,Timo Eder,,,,,
,Andreas Toba,,,,,
,Joe Fraser,,,,,
,Harry Hepworth,,,,,
,Jake Jarman,,,,,
,Luke Whitehouse,,,,,
,Max Whitlock,,,,,
,Yumin Abbadini,,,,,
,Nicola Bartolini,,,,,
,Lorenzo Minh Casali,,,,,
,Mario Macchiati,,,,,
,Carlo Macchini,,,,,
,Daiki Hashimoto,,,,,
,Kazuma Kaya,,,,,
,Shinnosuke Oka,,,,,
,Takaaki Sugino,,,,,
,Wataru Tanigawa,,,,,
,Loran de Munck,,,,,
,Martijn de Veer,,,,,
,Jermain Grünberg,,,,,
,Frank Rijken,,,,,
,Casimir Schmidt,,,,,
,Néstor Abad,,,,,
,Thierno Diallo,,,,,
,Nicolau Mir,,,,,
,Joel Plata,,,,,
,Rayderley Zapata,,,,,
,Luca Giubellini,,,,,
,Matteo Giubellini,,,,,
,Florian Langenegger,,,,,
,Noe Seifert,,,,,
,Taha Serhani,,,,,
,Ferhat Arıcan,,,,,
,Adem Asil,,,,,
,İbrahim Çolak,,,,,
,Emre Dodanlı,,,,,
,Ahmet Önder,,,,,
,Nazar Chepurnyi,,,,,
,Illia Kovtun,,,,,
,Igor Radivilov,,,,,
,Radomyr Stelmakh,,,,,
,Oleg Verniaiev,,,,,
,Asher Hong,,,,,
,Paul Juda,,,,,
,Brody Malone,,,,,
,Stephen Nedoroscik,,,,,
,Fred Richard,,,,,